customer_id,name,phone
CUST0001,Pooja Sharma,9.18E+11
CUST0002,Vikas Malhotra,9.18E+11
CUST0003,Aman Gupta,9.18E+11
CUST0004,Ananya Gupta,9.20E+11
CUST0005,Raj Malhotra,9.17E+11
CUST0006,Sneha Kapoor,9.18E+11
CUST0007,Ananya Singh,9.18E+11
CUST0008,Neha Verma,9.18E+11
CUST0009,Pooja Sharma,9.18E+11
CUST0010,Raj Verma,9.18E+11
CUST0011,Rohit Malhotra,9.18E+11
CUST0012,Aman Nair,9.17E+11
CUST0013,Raj Nair,9.18E+11
CUST0014,Aman Mehta,9.18E+11
CUST0015,Rohit Singh,9.19E+11
CUST0016,Kavya Iyer,9.19E+11
CUST0017,Neha Iyer,9.18E+11
CUST0018,Arjun Kapoor,9.20E+11
CUST0019,Rohit Verma,9.20E+11
CUST0020,Vikas Mehta,9.17E+11
CUST0021,Arjun Singh,9.19E+11
CUST0022,Arjun Verma,9.19E+11
CUST0023,Rohit Singh,9.18E+11
CUST0024,Arjun Malhotra,9.17E+11
CUST0025,Raj Sharma,9.17E+11
CUST0026,Vikas Iyer,9.19E+11
CUST0027,Neha Patel,9.20E+11
CUST0028,Vikas Verma,9.18E+11
CUST0029,Neha Nair,9.20E+11
CUST0030,Rohit Patel,9.19E+11
CUST0031,Arjun Mehta,9.20E+11
CUST0032,Sneha Iyer,9.20E+11
CUST0033,Ananya Kapoor,9.17E+11
CUST0034,Kavya Malhotra,9.18E+11
CUST0035,Arjun Iyer,9.20E+11
CUST0036,Raj Kapoor,9.19E+11
CUST0037,Ananya Malhotra,9.18E+11
CUST0038,Ananya Verma,9.19E+11
CUST0039,Arjun Singh,9.19E+11
CUST0040,Rohit Iyer,9.19E+11
CUST0041,Kavya Iyer,9.20E+11
CUST0042,Raj Patel,9.20E+11
CUST0043,Vikas Patel,9.17E+11
CUST0044,Neha Malhotra,9.18E+11
CUST0045,Neha Mehta,9.19E+11
CUST0046,Aman Verma,9.19E+11
CUST0047,Raj Mehta,9.18E+11
CUST0048,Raj Nair,9.20E+11
CUST0049,Neha Malhotra,9.19E+11
CUST0050,Aman Sharma,9.18E+11
CUST0051,Neha Iyer,9.20E+11
CUST0052,Pooja Mehta,9.17E+11
CUST0053,Neha Iyer,9.19E+11
CUST0054,Sneha Mehta,9.19E+11
CUST0055,Neha Nair,9.17E+11
CUST0056,Kavya Verma,9.20E+11
CUST0057,Kavya Verma,9.18E+11
CUST0058,Vikas Verma,9.17E+11
CUST0059,Raj Singh,9.20E+11
CUST0060,Raj Singh,9.20E+11
CUST0061,Kavya Gupta,9.20E+11
CUST0062,Vikas Singh,9.19E+11
CUST0063,Kavya Patel,9.20E+11
CUST0064,Raj Singh,9.18E+11
CUST0065,Sneha Nair,9.18E+11
CUST0066,Vikas Sharma,9.18E+11
CUST0067,Vikas Sharma,9.20E+11
CUST0068,Kavya Kapoor,9.17E+11
CUST0069,Arjun Mehta,9.19E+11
CUST0070,Sneha Iyer,9.17E+11
CUST0071,Raj Patel,9.19E+11
CUST0072,Pooja Sharma,9.18E+11
CUST0073,Raj Nair,9.18E+11
CUST0074,Sneha Sharma,9.19E+11
CUST0075,Pooja Kapoor,9.18E+11
CUST0076,Arjun Nair,9.18E+11
CUST0077,Vikas Kapoor,9.20E+11
CUST0078,Neha Malhotra,9.19E+11
CUST0079,Vikas Nair,9.18E+11
CUST0080,Raj Nair,9.19E+11
CUST0081,Kavya Malhotra,9.19E+11
CUST0082,Aman Nair,9.19E+11
CUST0083,Neha Gupta,9.18E+11
CUST0084,Rohit Patel,9.18E+11
CUST0085,Pooja Sharma,9.18E+11
CUST0086,Raj Malhotra,9.18E+11
CUST0087,Vikas Verma,9.18E+11
CUST0088,Rohit Malhotra,9.19E+11
CUST0089,Pooja Gupta,9.18E+11
CUST0090,Vikas Singh,9.18E+11
CUST0091,Rohit Kapoor,9.18E+11
CUST0092,Ananya Nair,9.20E+11
CUST0093,Neha Sharma,9.18E+11
CUST0094,Pooja Kapoor,9.19E+11
CUST0095,Raj Iyer,9.20E+11
CUST0096,Vikas Verma,9.20E+11
CUST0097,Neha Iyer,9.18E+11
CUST0098,Arjun Mehta,9.20E+11
CUST0099,Aman Patel,9.19E+11
CUST0100,Sneha Verma,9.19E+11
CUST0101,Vikas Singh,9.19E+11
CUST0102,Arjun Singh,9.19E+11
CUST0103,Kavya Verma,9.19E+11
CUST0104,Kavya Mehta,9.18E+11
CUST0105,Raj Malhotra,9.20E+11
CUST0106,Arjun Malhotra,9.18E+11
CUST0107,Vikas Iyer,9.20E+11
CUST0108,Rohit Verma,9.18E+11
CUST0109,Pooja Kapoor,9.20E+11
CUST0110,Pooja Verma,9.18E+11
CUST0111,Raj Singh,9.18E+11
CUST0112,Ananya Mehta,9.20E+11
CUST0113,Aman Singh,9.18E+11
CUST0114,Kavya Mehta,9.18E+11
CUST0115,Pooja Mehta,9.18E+11
CUST0116,Kavya Mehta,9.20E+11
CUST0117,Aman Singh,9.19E+11
CUST0118,Vikas Sharma,9.19E+11
CUST0119,Neha Nair,9.20E+11
CUST0120,Pooja Verma,9.17E+11
CUST0121,Vikas Iyer,9.20E+11
CUST0122,Pooja Iyer,9.18E+11
CUST0123,Arjun Iyer,9.19E+11
CUST0124,Rohit Verma,9.19E+11
CUST0125,Ananya Sharma,9.17E+11
CUST0126,Vikas Verma,9.19E+11
CUST0127,Vikas Kapoor,9.19E+11
CUST0128,Vikas Nair,9.19E+11
CUST0129,Sneha Singh,9.18E+11
CUST0130,Pooja Malhotra,9.19E+11
CUST0131,Rohit Kapoor,9.18E+11
CUST0132,Sneha Mehta,9.20E+11
CUST0133,Kavya Sharma,9.19E+11
CUST0134,Neha Malhotra,9.19E+11
CUST0135,Kavya Sharma,9.18E+11
CUST0136,Sneha Verma,9.18E+11
CUST0137,Sneha Verma,9.17E+11
CUST0138,Sneha Iyer,9.19E+11
CUST0139,Ananya Patel,9.20E+11
CUST0140,Aman Gupta,9.17E+11
CUST0141,Arjun Singh,9.18E+11
CUST0142,Ananya Malhotra,9.19E+11
CUST0143,Neha Sharma,9.19E+11
CUST0144,Pooja Verma,9.17E+11
CUST0145,Kavya Kapoor,9.18E+11
CUST0146,Raj Singh,9.20E+11
CUST0147,Vikas Verma,9.20E+11
CUST0148,Neha Singh,9.17E+11
CUST0149,Kavya Verma,9.18E+11
CUST0150,Rohit Nair,9.18E+11
CUST0151,Sneha Kapoor,9.19E+11
CUST0152,Vikas Verma,9.19E+11
CUST0153,Neha Gupta,9.20E+11
CUST0154,Aman Patel,9.18E+11
CUST0155,Kavya Sharma,9.20E+11
CUST0156,Kavya Malhotra,9.19E+11
CUST0157,Neha Mehta,9.19E+11
CUST0158,Ananya Kapoor,9.20E+11
CUST0159,Sneha Mehta,9.17E+11
CUST0160,Raj Malhotra,9.18E+11
CUST0161,Raj Gupta,9.20E+11
CUST0162,Kavya Malhotra,9.20E+11
CUST0163,Rohit Sharma,9.19E+11
CUST0164,Sneha Malhotra,9.19E+11
CUST0165,Raj Singh,9.20E+11
CUST0166,Kavya Verma,9.19E+11
CUST0167,Rohit Kapoor,9.18E+11
CUST0168,Pooja Kapoor,9.19E+11
CUST0169,Aman Nair,9.19E+11
CUST0170,Ananya Gupta,9.20E+11
CUST0171,Aman Iyer,9.18E+11
CUST0172,Arjun Nair,9.18E+11
CUST0173,Rohit Sharma,9.17E+11
CUST0174,Neha Kapoor,9.18E+11
CUST0175,Sneha Iyer,9.18E+11
CUST0176,Arjun Patel,9.19E+11
CUST0177,Ananya Gupta,9.19E+11
CUST0178,Vikas Gupta,9.18E+11
CUST0179,Kavya Patel,9.18E+11
CUST0180,Arjun Iyer,9.18E+11
CUST0181,Vikas Sharma,9.18E+11
CUST0182,Rohit Kapoor,9.19E+11
CUST0183,Vikas Malhotra,9.20E+11
CUST0184,Vikas Kapoor,9.19E+11
CUST0185,Ananya Singh,9.20E+11
CUST0186,Aman Gupta,9.18E+11
CUST0187,Raj Nair,9.17E+11
CUST0188,Sneha Iyer,9.18E+11
CUST0189,Kavya Sharma,9.17E+11
CUST0190,Neha Verma,9.18E+11
CUST0191,Neha Nair,9.17E+11
CUST0192,Raj Nair,9.18E+11
CUST0193,Vikas Nair,9.17E+11
CUST0194,Kavya Mehta,9.17E+11
CUST0195,Aman Kapoor,9.19E+11
CUST0196,Kavya Verma,9.20E+11
CUST0197,Sneha Sharma,9.19E+11
CUST0198,Aman Sharma,9.17E+11
CUST0199,Pooja Gupta,9.18E+11
CUST0200,Aman Singh,9.18E+11
CUST0201,Pooja Verma,9.19E+11
CUST0202,Neha Gupta,9.20E+11
CUST0203,Kavya Gupta,9.19E+11
CUST0204,Aman Patel,9.19E+11
CUST0205,Rohit Verma,9.18E+11
CUST0206,Ananya Malhotra,9.18E+11
CUST0207,Arjun Kapoor,9.18E+11
CUST0208,Pooja Sharma,9.18E+11
CUST0209,Kavya Verma,9.20E+11
CUST0210,Pooja Kapoor,9.19E+11
CUST0211,Raj Singh,9.18E+11
CUST0212,Rohit Nair,9.18E+11
CUST0213,Sneha Nair,9.18E+11
CUST0214,Kavya Kapoor,9.19E+11
CUST0215,Pooja Iyer,9.20E+11
CUST0216,Kavya Gupta,9.18E+11
CUST0217,Neha Kapoor,9.19E+11
CUST0218,Raj Verma,9.20E+11
CUST0219,Ananya Malhotra,9.19E+11
CUST0220,Kavya Sharma,9.20E+11
CUST0221,Neha Kapoor,9.18E+11
CUST0222,Ananya Kapoor,9.19E+11
CUST0223,Pooja Patel,9.17E+11
CUST0224,Raj Mehta,9.20E+11
CUST0225,Arjun Mehta,9.17E+11
CUST0226,Raj Iyer,9.17E+11
CUST0227,Neha Nair,9.18E+11
CUST0228,Rohit Iyer,9.19E+11
CUST0229,Sneha Kapoor,9.18E+11
CUST0230,Aman Sharma,9.19E+11
CUST0231,Vikas Gupta,9.19E+11
CUST0232,Arjun Kapoor,9.18E+11
CUST0233,Pooja Verma,9.18E+11
CUST0234,Pooja Patel,9.19E+11
CUST0235,Ananya Nair,9.17E+11
CUST0236,Vikas Sharma,9.18E+11
CUST0237,Ananya Kapoor,9.18E+11
CUST0238,Vikas Singh,9.18E+11
CUST0239,Kavya Kapoor,9.20E+11
CUST0240,Pooja Iyer,9.20E+11
CUST0241,Vikas Verma,9.17E+11
CUST0242,Arjun Malhotra,9.19E+11
CUST0243,Neha Kapoor,9.18E+11
CUST0244,Aman Singh,9.17E+11
CUST0245,Kavya Sharma,9.17E+11
CUST0246,Vikas Iyer,9.19E+11
CUST0247,Arjun Iyer,9.18E+11
CUST0248,Arjun Nair,9.17E+11
CUST0249,Raj Patel,9.19E+11
CUST0250,Arjun Singh,9.20E+11
CUST0251,Ananya Gupta,9.19E+11
CUST0252,Pooja Verma,9.18E+11
CUST0253,Neha Gupta,9.19E+11
CUST0254,Neha Malhotra,9.17E+11
CUST0255,Ananya Verma,9.18E+11
CUST0256,Arjun Singh,9.19E+11
CUST0257,Ananya Sharma,9.19E+11
CUST0258,Ananya Iyer,9.17E+11
CUST0259,Pooja Patel,9.18E+11
CUST0260,Arjun Gupta,9.19E+11
CUST0261,Raj Patel,9.19E+11
CUST0262,Ananya Sharma,9.18E+11
CUST0263,Raj Malhotra,9.20E+11
CUST0264,Vikas Gupta,9.18E+11
CUST0265,Neha Gupta,9.19E+11
CUST0266,Sneha Singh,9.20E+11
CUST0267,Neha Mehta,9.18E+11
CUST0268,Rohit Gupta,9.19E+11
CUST0269,Kavya Malhotra,9.18E+11
CUST0270,Kavya Mehta,9.18E+11
CUST0271,Ananya Iyer,9.19E+11
CUST0272,Aman Patel,9.17E+11
CUST0273,Neha Iyer,9.20E+11
CUST0274,Ananya Sharma,9.20E+11
CUST0275,Sneha Sharma,9.19E+11
CUST0276,Arjun Mehta,9.17E+11
CUST0277,Aman Verma,9.19E+11
CUST0278,Pooja Malhotra,9.19E+11
CUST0279,Sneha Iyer,9.18E+11
CUST0280,Vikas Malhotra,9.18E+11
CUST0281,Raj Sharma,9.18E+11
CUST0282,Sneha Malhotra,9.19E+11
CUST0283,Kavya Mehta,9.18E+11
CUST0284,Aman Iyer,9.20E+11
CUST0285,Raj Patel,9.18E+11
CUST0286,Ananya Gupta,9.19E+11
CUST0287,Vikas Mehta,9.17E+11
CUST0288,Arjun Verma,9.19E+11
CUST0289,Raj Gupta,9.18E+11
CUST0290,Kavya Iyer,9.18E+11
CUST0291,Raj Gupta,9.19E+11
CUST0292,Pooja Singh,9.19E+11
CUST0293,Ananya Iyer,9.18E+11
CUST0294,Rohit Patel,9.18E+11
CUST0295,Pooja Patel,9.18E+11
CUST0296,Neha Patel,9.17E+11
CUST0297,Aman Patel,9.18E+11
CUST0298,Sneha Gupta,9.20E+11
CUST0299,Ananya Sharma,9.20E+11
CUST0300,Sneha Sharma,9.18E+11
CUST0301,Aman Sharma,9.19E+11
CUST0302,Arjun Iyer,9.19E+11
CUST0303,Sneha Gupta,9.17E+11
CUST0304,Kavya Sharma,9.18E+11
CUST0305,Arjun Singh,9.19E+11
CUST0306,Raj Mehta,9.19E+11
CUST0307,Ananya Kapoor,9.17E+11
CUST0308,Aman Kapoor,9.20E+11
CUST0309,Pooja Patel,9.18E+11
CUST0310,Arjun Iyer,9.17E+11
CUST0311,Neha Singh,9.17E+11
CUST0312,Neha Mehta,9.18E+11
CUST0313,Raj Kapoor,9.20E+11
CUST0314,Raj Verma,9.17E+11
CUST0315,Sneha Mehta,9.19E+11
CUST0316,Sneha Patel,9.19E+11
CUST0317,Sneha Iyer,9.18E+11
CUST0318,Raj Verma,9.18E+11
CUST0319,Aman Iyer,9.18E+11
CUST0320,Aman Nair,9.19E+11
CUST0321,Kavya Nair,9.18E+11
CUST0322,Arjun Gupta,9.19E+11
CUST0323,Raj Malhotra,9.20E+11
CUST0324,Kavya Malhotra,9.18E+11
CUST0325,Neha Mehta,9.18E+11
CUST0326,Aman Patel,9.19E+11
CUST0327,Vikas Sharma,9.20E+11
CUST0328,Neha Verma,9.19E+11
CUST0329,Aman Sharma,9.17E+11
CUST0330,Ananya Singh,9.17E+11
CUST0331,Pooja Gupta,9.20E+11
CUST0332,Aman Mehta,9.20E+11
CUST0333,Rohit Sharma,9.17E+11
CUST0334,Pooja Mehta,9.19E+11
CUST0335,Rohit Sharma,9.17E+11
CUST0336,Aman Patel,9.18E+11
CUST0337,Rohit Iyer,9.20E+11
CUST0338,Raj Iyer,9.18E+11
CUST0339,Arjun Kapoor,9.19E+11
CUST0340,Pooja Nair,9.18E+11
CUST0341,Aman Sharma,9.18E+11
CUST0342,Rohit Sharma,9.19E+11
CUST0343,Sneha Kapoor,9.19E+11
CUST0344,Sneha Nair,9.18E+11
CUST0345,Raj Nair,9.18E+11
CUST0346,Raj Malhotra,9.19E+11
CUST0347,Vikas Nair,9.19E+11
CUST0348,Rohit Sharma,9.19E+11
CUST0349,Aman Singh,9.18E+11
CUST0350,Pooja Malhotra,9.18E+11
CUST0351,Pooja Kapoor,9.18E+11
CUST0352,Ananya Kapoor,9.20E+11
CUST0353,Vikas Gupta,9.17E+11
CUST0354,Vikas Gupta,9.17E+11
CUST0355,Kavya Sharma,9.17E+11
CUST0356,Ananya Mehta,9.20E+11
CUST0357,Ananya Nair,9.18E+11
CUST0358,Sneha Iyer,9.18E+11
CUST0359,Kavya Mehta,9.18E+11
CUST0360,Rohit Nair,9.17E+11
CUST0361,Raj Verma,9.19E+11
CUST0362,Raj Patel,9.19E+11
CUST0363,Rohit Verma,9.17E+11
CUST0364,Neha Malhotra,9.18E+11
CUST0365,Sneha Sharma,9.19E+11
CUST0366,Arjun Patel,9.19E+11
CUST0367,Arjun Iyer,9.18E+11
CUST0368,Vikas Gupta,9.18E+11
CUST0369,Aman Iyer,9.17E+11
CUST0370,Neha Nair,9.19E+11
CUST0371,Aman Kapoor,9.17E+11
CUST0372,Neha Malhotra,9.19E+11
CUST0373,Sneha Nair,9.18E+11
CUST0374,Aman Verma,9.17E+11
CUST0375,Ananya Gupta,9.18E+11
CUST0376,Vikas Malhotra,9.19E+11
CUST0377,Neha Verma,9.18E+11
CUST0378,Aman Singh,9.20E+11
CUST0379,Vikas Singh,9.18E+11
CUST0380,Pooja Gupta,9.19E+11
CUST0381,Pooja Iyer,9.18E+11
CUST0382,Pooja Verma,9.17E+11
CUST0383,Sneha Kapoor,9.19E+11
CUST0384,Arjun Mehta,9.18E+11
CUST0385,Ananya Singh,9.19E+11
CUST0386,Sneha Kapoor,9.19E+11
CUST0387,Ananya Mehta,9.19E+11
CUST0388,Sneha Gupta,9.18E+11
CUST0389,Raj Gupta,9.18E+11
CUST0390,Vikas Singh,9.18E+11
CUST0391,Sneha Iyer,9.18E+11
CUST0392,Vikas Mehta,9.19E+11
CUST0393,Rohit Gupta,9.17E+11
CUST0394,Arjun Sharma,9.17E+11
CUST0395,Sneha Nair,9.18E+11
CUST0396,Kavya Singh,9.19E+11
CUST0397,Kavya Nair,9.17E+11
CUST0398,Aman Gupta,9.20E+11
CUST0399,Ananya Singh,9.18E+11
CUST0400,Vikas Singh,9.20E+11
CUST0401,Sneha Singh,9.17E+11
CUST0402,Raj Mehta,9.20E+11
CUST0403,Aman Nair,9.20E+11
CUST0404,Kavya Gupta,9.17E+11
CUST0405,Arjun Nair,9.18E+11
CUST0406,Vikas Mehta,9.17E+11
CUST0407,Rohit Gupta,9.19E+11
CUST0408,Kavya Nair,9.19E+11
CUST0409,Pooja Nair,9.17E+11
CUST0410,Neha Malhotra,9.18E+11
CUST0411,Arjun Kapoor,9.19E+11
CUST0412,Rohit Mehta,9.20E+11
CUST0413,Ananya Iyer,9.19E+11
CUST0414,Aman Patel,9.19E+11
CUST0415,Neha Malhotra,9.19E+11
CUST0416,Neha Verma,9.19E+11
CUST0417,Ananya Kapoor,9.19E+11
CUST0418,Neha Singh,9.20E+11
CUST0419,Vikas Gupta,9.20E+11
CUST0420,Raj Sharma,9.18E+11
CUST0421,Rohit Nair,9.17E+11
CUST0422,Sneha Iyer,9.18E+11
CUST0423,Vikas Iyer,9.20E+11
CUST0424,Vikas Verma,9.20E+11
CUST0425,Raj Patel,9.19E+11
CUST0426,Vikas Gupta,9.20E+11
CUST0427,Aman Patel,9.17E+11
CUST0428,Sneha Kapoor,9.19E+11
CUST0429,Arjun Singh,9.19E+11
CUST0430,Vikas Malhotra,9.19E+11
CUST0431,Ananya Sharma,9.18E+11
CUST0432,Kavya Iyer,9.19E+11
CUST0433,Raj Sharma,9.20E+11
CUST0434,Arjun Sharma,9.18E+11
CUST0435,Vikas Nair,9.17E+11
CUST0436,Kavya Kapoor,9.18E+11
CUST0437,Vikas Iyer,9.17E+11
CUST0438,Raj Patel,9.18E+11
CUST0439,Arjun Gupta,9.19E+11
CUST0440,Raj Iyer,9.18E+11
CUST0441,Rohit Singh,9.19E+11
CUST0442,Ananya Sharma,9.18E+11
CUST0443,Vikas Singh,9.18E+11
CUST0444,Sneha Sharma,9.18E+11
CUST0445,Ananya Gupta,9.18E+11
CUST0446,Vikas Nair,9.19E+11
CUST0447,Arjun Verma,9.19E+11
CUST0448,Kavya Malhotra,9.20E+11
CUST0449,Ananya Gupta,9.19E+11
CUST0450,Vikas Singh,9.19E+11
CUST0451,Arjun Kapoor,9.19E+11
CUST0452,Sneha Mehta,9.20E+11
CUST0453,Aman Patel,9.17E+11
CUST0454,Neha Singh,9.19E+11
CUST0455,Aman Kapoor,9.17E+11
CUST0456,Neha Malhotra,9.19E+11
CUST0457,Aman Malhotra,9.19E+11
CUST0458,Aman Mehta,9.18E+11
CUST0459,Neha Patel,9.17E+11
CUST0460,Neha Nair,9.17E+11
CUST0461,Raj Mehta,9.19E+11
CUST0462,Ananya Kapoor,9.18E+11
CUST0463,Vikas Mehta,9.20E+11
CUST0464,Aman Patel,9.18E+11
CUST0465,Raj Malhotra,9.19E+11
CUST0466,Raj Gupta,9.17E+11
CUST0467,Sneha Iyer,9.20E+11
CUST0468,Pooja Singh,9.17E+11
CUST0469,Neha Kapoor,9.19E+11
CUST0470,Rohit Kapoor,9.18E+11
CUST0471,Ananya Singh,9.20E+11
CUST0472,Kavya Sharma,9.19E+11
CUST0473,Rohit Kapoor,9.17E+11
CUST0474,Kavya Nair,9.19E+11
CUST0475,Vikas Nair,9.19E+11
CUST0476,Aman Nair,9.20E+11
CUST0477,Vikas Malhotra,9.20E+11
CUST0478,Raj Iyer,9.19E+11
CUST0479,Neha Nair,9.18E+11
CUST0480,Ananya Sharma,9.18E+11
CUST0481,Arjun Verma,9.18E+11
CUST0482,Ananya Sharma,9.18E+11
CUST0483,Ananya Singh,9.19E+11
CUST0484,Sneha Malhotra,9.17E+11
CUST0485,Raj Mehta,9.17E+11
CUST0486,Aman Iyer,9.18E+11
CUST0487,Arjun Singh,9.19E+11
CUST0488,Aman Verma,9.18E+11
CUST0489,Neha Verma,9.17E+11
CUST0490,Rohit Iyer,9.19E+11
CUST0491,Vikas Malhotra,9.17E+11
CUST0492,Neha Malhotra,9.18E+11
CUST0493,Aman Kapoor,9.18E+11
CUST0494,Ananya Patel,9.17E+11
CUST0495,Rohit Singh,9.17E+11
CUST0496,Aman Patel,9.19E+11
CUST0497,Aman Malhotra,9.19E+11
CUST0498,Sneha Iyer,9.20E+11
CUST0499,Neha Gupta,9.18E+11
CUST0500,Pooja Gupta,9.17E+11
